Dyad,Round,Player,Answer,Time,a11,a12,a13,a14,a15,a16,a17,a18,a21,a22,a23,a24,a25,a26,a27,a28,a31,a32,a33,a34,a35,a36,a37,a38,a41,a42,a43,a44,a45,a46,a47,a48,a51,a52,a53,a54,a55,a56,a57,a58,a61,a62,a63,a64,a65,a66,a67,a68,a71,a72,a73,a74,a75,a76,a77,a78,a81,a82,a83,a84,a85,a86,a87,a88,b11,b12,b13,b14,b15,b16,b17,b18,b21,b22,b23,b24,b25,b26,b27,b28,b31,b32,b33,b34,b35,b36,b37,b38,b41,b42,b43,b44,b45,b46,b47,b48,b51,b52,b53,b54,b55,b56,b57,b58,b61,b62,b63,b64,b65,b66,b67,b68,b71,b72,b73,b74,b75,b76,b77,b78,b81,b82,b83,b84,b85,b86,b87,b88,Score,Joint,Is_there,where_x,where_y
20-479,1,20,Absent,11,0,0,0,1,0,0,0,1,1,0,0,1,0,0,0,0,0,0,0,0,1,0,1,1,0,0,0,0,0,0,0,0,0,0,0,0,0,0,0,0,0,0,0,0,0,0,0,1,0,0,0,0,1,0,0,0,0,0,1,0,1,0,0,0,0,0,0,4,0,0,0,1,10,0,0,7,0,0,0,0,0,0,0,0,5,0,2,9,0,0,0,0,0,0,0,0,0,0,0,0,0,0,0,0,0,0,0,0,0,0,0,11,0,0,0,0,3,0,0,0,0,0,8,0,6,0,0,0,25,7,Unicorn_Absent,-1,-1
20-479,1,479,Absent,30,0,0,1,1,1,0,0,0,1,0,1,0,0,1,1,0,0,0,0,1,0,0,1,1,0,0,0,1,1,1,0,1,0,0,0,0,1,0,0,0,0,1,1,1,1,1,0,1,0,0,1,1,1,0,1,0,0,0,1,1,0,1,1,1,0,0,14,26,3,0,0,0,7,0,9,0,0,8,30,0,0,0,0,19,0,0,22,16,0,0,0,1,21,17,0,18,0,0,0,0,12,0,0,0,0,11,13,27,10,20,0,23,0,0,6,2,24,0,25,0,0,0,5,4,0,28,15,29,25,7,Unicorn_Absent,-1,-1
20-479,2,20,Absent,11,0,0,0,1,0,0,0,1,1,0,0,1,0,0,0,0,0,0,0,0,1,0,1,1,0,0,0,0,0,0,0,0,0,0,0,0,0,0,0,0,0,0,0,0,0,0,0,1,0,0,0,0,1,0,0,0,0,0,1,0,1,0,0,0,0,0,0,1,0,0,0,5,2,0,0,7,0,0,0,0,0,0,0,0,4,0,10,3,0,0,0,0,0,0,0,0,0,0,0,0,0,0,0,0,0,0,0,0,0,0,0,6,0,0,0,0,11,0,0,0,0,0,8,0,9,0,0,0,25,7,Unicorn_Absent,-1,-1
20-479,2,479,Absent,30,0,0,1,1,1,0,0,0,1,0,1,0,0,1,1,0,0,0,0,1,0,0,1,1,0,0,0,1,1,1,0,1,0,0,0,0,1,0,0,0,0,1,1,1,1,1,0,1,0,0,1,1,1,0,1,0,0,0,1,1,0,1,1,1,0,0,27,14,11,0,0,0,3,0,19,0,0,29,17,0,0,0,0,15,0,0,2,1,0,0,0,21,20,9,0,10,0,0,0,0,6,0,0,0,0,4,30,12,13,16,0,28,0,0,5,7,22,0,24,0,0,0,18,26,0,25,8,23,25,7,Unicorn_Absent,-1,-1
20-479,3,20,Absent,11,0,0,0,1,0,0,0,1,1,0,0,1,0,0,0,0,0,0,0,0,1,0,1,1,0,0,0,0,0,0,0,0,0,0,0,0,0,0,0,0,0,0,0,0,0,0,0,1,0,0,0,0,1,0,0,0,0,0,1,0,1,0,0,0,0,0,0,2,0,0,0,8,7,0,0,1,0,0,0,0,0,0,0,0,3,0,11,10,0,0,0,0,0,0,0,0,0,0,0,0,0,0,0,0,0,0,0,0,0,0,0,9,0,0,0,0,5,0,0,0,0,0,6,0,4,0,0,0,25,7,Unicorn_Absent,-1,-1
20-479,3,479,Absent,30,0,0,1,1,1,0,0,0,1,0,1,0,0,1,1,0,0,0,0,1,0,0,1,1,0,0,0,1,1,1,0,1,0,0,0,0,1,0,0,0,0,1,1,1,1,1,0,1,0,0,1,1,1,0,1,0,0,0,1,1,0,1,1,1,0,0,8,17,21,0,0,0,11,0,30,0,0,28,15,0,0,0,0,25,0,0,26,5,0,0,0,7,3,4,0,18,0,0,0,0,14,0,0,0,0,27,22,2,23,1,0,24,0,0,16,9,13,0,6,0,0,0,29,10,0,19,20,12,25,7,Unicorn_Absent,-1,-1
20-479,4,20,Absent,11,0,0,0,1,0,0,0,1,1,0,0,1,0,0,0,0,0,0,0,0,1,0,1,1,0,0,0,0,0,0,0,0,0,0,0,0,0,0,0,0,0,0,0,0,0,0,0,1,0,0,0,0,1,0,0,0,0,0,1,0,1,0,0,0,0,0,0,3,0,0,0,2,4,0,0,10,0,0,0,0,0,0,0,0,11,0,1,7,0,0,0,0,0,0,0,0,0,0,0,0,0,0,0,0,0,0,0,0,0,0,0,5,0,0,0,0,6,0,0,0,0,0,8,0,9,0,0,0,25,7,Unicorn_Absent,-1,-1
20-479,4,479,Absent,30,0,0,1,1,1,0,0,0,1,0,1,0,0,1,1,0,0,0,0,1,0,0,1,1,0,0,0,1,1,1,0,1,0,0,0,0,1,0,0,0,0,1,1,1,1,1,0,1,0,0,1,1,1,0,1,0,0,0,1,1,0,1,1,1,0,0,22,14,21,0,0,0,2,0,4,0,0,13,30,0,0,0,0,29,0,0,17,3,0,0,0,10,23,11,0,15,0,0,0,0,12,0,0,0,0,7,18,8,16,9,0,19,0,0,28,25,1,0,27,0,0,0,5,20,0,24,6,26,25,7,Unicorn_Absent,-1,-1
20-479,5,20,Absent,11,0,0,0,1,0,0,0,1,1,0,0,1,0,0,0,0,0,0,0,0,1,0,1,1,0,0,0,0,0,0,0,0,0,0,0,0,0,0,0,0,0,0,0,0,0,0,0,1,0,0,0,0,1,0,0,0,0,0,1,0,1,0,0,0,0,0,0,1,0,0,0,9,8,0,0,3,0,0,0,0,0,0,0,0,2,0,10,11,0,0,0,0,0,0,0,0,0,0,0,0,0,0,0,0,0,0,0,0,0,0,0,4,0,0,0,0,7,0,0,0,0,0,5,0,6,0,0,0,25,7,Unicorn_Absent,-1,-1
20-479,5,479,Absent,30,0,0,1,1,1,0,0,0,1,0,1,0,0,1,1,0,0,0,0,1,0,0,1,1,0,0,0,1,1,1,0,1,0,0,0,0,1,0,0,0,0,1,1,1,1,1,0,1,0,0,1,1,1,0,1,0,0,0,1,1,0,1,1,1,0,0,1,21,29,0,0,0,7,0,14,0,0,2,27,0,0,0,0,30,0,0,10,18,0,0,0,16,13,20,0,11,0,0,0,0,9,0,0,0,0,6,12,22,4,19,0,17,0,0,8,26,23,0,24,0,0,0,25,28,0,3,5,15,25,7,Unicorn_Absent,-1,-1
20-479,6,20,Absent,11,0,0,0,1,0,0,0,1,1,0,0,1,0,0,0,0,0,0,0,0,1,0,1,1,0,0,0,0,0,0,0,0,0,0,0,0,0,0,0,0,0,0,0,0,0,0,0,1,0,0,0,0,1,0,0,0,0,0,1,0,1,0,0,0,0,0,0,10,0,0,0,8,1,0,0,2,0,0,0,0,0,0,0,0,4,0,5,3,0,0,0,0,0,0,0,0,0,0,0,0,0,0,0,0,0,0,0,0,0,0,0,11,0,0,0,0,6,0,0,0,0,0,7,0,9,0,0,0,25,7,Unicorn_Absent,-1,-1
20-479,6,479,Absent,30,0,0,1,1,1,0,0,0,1,0,1,0,0,1,1,0,0,0,0,1,0,0,1,1,0,0,0,1,1,1,0,1,0,0,0,0,1,0,0,0,0,1,1,1,1,1,0,1,0,0,1,1,1,0,1,0,0,0,1,1,0,1,1,1,0,0,14,11,3,0,0,0,12,0,20,0,0,16,30,0,0,0,0,28,0,0,29,15,0,0,0,2,18,24,0,17,0,0,0,0,21,0,0,0,0,10,23,13,4,6,0,9,0,0,1,27,22,0,26,0,0,0,5,7,0,25,19,8,25,7,Unicorn_Absent,-1,-1
20-479,7,20,Absent,11,0,0,0,1,0,0,0,1,1,0,0,1,0,0,0,0,0,0,0,0,1,0,1,1,0,0,0,0,0,0,0,0,0,0,0,0,0,0,0,0,0,0,0,0,0,0,0,1,0,0,0,0,1,0,0,0,0,0,1,0,1,0,0,0,0,0,0,5,0,0,0,1,8,0,0,9,0,0,0,0,0,0,0,0,2,0,3,10,0,0,0,0,0,0,0,0,0,0,0,0,0,0,0,0,0,0,0,0,0,0,0,7,0,0,0,0,4,0,0,0,0,0,11,0,6,0,0,0,25,7,Unicorn_Absent,-1,-1
20-479,7,479,Absent,30,0,0,1,1,1,0,0,0,1,0,1,0,0,1,1,0,0,0,0,1,0,0,1,1,0,0,0,1,1,1,0,1,0,0,0,0,1,0,0,0,0,1,1,1,1,1,0,1,0,0,1,1,1,0,1,0,0,0,1,1,0,1,1,1,0,0,4,27,6,0,0,0,19,0,13,0,0,17,15,0,0,0,0,18,0,0,8,28,0,0,0,30,21,11,0,16,0,0,0,0,29,0,0,0,0,24,7,22,10,9,0,23,0,0,2,5,26,0,12,0,0,0,20,14,0,3,25,1,25,7,Unicorn_Absent,-1,-1
20-479,8,20,Absent,11,0,0,0,1,0,0,0,1,1,0,0,1,0,0,0,0,0,0,0,0,1,0,1,1,0,0,0,0,0,0,0,0,0,0,0,0,0,0,0,0,0,0,0,0,0,0,0,1,0,0,0,0,1,0,0,0,0,0,1,0,1,0,0,0,0,0,0,2,0,0,0,11,8,0,0,7,0,0,0,0,0,0,0,0,5,0,3,4,0,0,0,0,0,0,0,0,0,0,0,0,0,0,0,0,0,0,0,0,0,0,0,9,0,0,0,0,10,0,0,0,0,0,6,0,1,0,0,0,25,7,Unicorn_Absent,-1,-1
20-479,8,479,Absent,30,0,0,1,1,1,0,0,0,1,0,1,0,0,1,1,0,0,0,0,1,0,0,1,1,0,0,0,1,1,1,0,1,0,0,0,0,1,0,0,0,0,1,1,1,1,1,0,1,0,0,1,1,1,0,1,0,0,0,1,1,0,1,1,1,0,0,26,12,10,0,0,0,1,0,7,0,0,16,22,0,0,0,0,14,0,0,19,29,0,0,0,25,9,2,0,11,0,0,0,0,21,0,0,0,0,13,30,24,27,4,0,3,0,0,23,8,6,0,20,0,0,0,18,5,0,15,28,17,25,7,Unicorn_Absent,-1,-1
20-479,9,20,Present,11,0,0,0,1,0,0,0,1,1,0,0,1,0,0,0,0,0,0,0,0,1,0,1,1,0,0,0,0,0,0,0,0,0,0,0,0,0,0,0,0,0,0,0,0,0,0,0,1,0,0,0,0,1,0,0,0,0,0,1,0,1,0,0,0,0,0,0,1,0,0,0,7,11,0,0,9,0,0,0,0,0,0,0,0,6,0,5,3,0,0,0,0,0,0,0,0,0,0,0,0,0,0,0,0,0,0,0,0,0,0,0,8,0,0,0,0,10,0,0,0,0,0,2,0,4,0,0,0,25,7,Unicorn_Present,2,0
20-479,9,479,Present,28,0,0,1,1,0,0,0,0,1,0,1,0,0,1,1,0,0,0,0,1,0,0,1,1,0,0,0,1,1,1,0,1,0,0,0,0,1,0,0,0,0,1,1,1,1,1,0,1,0,0,1,1,1,0,1,0,0,0,1,0,0,1,1,1,0,0,28,14,0,0,0,0,23,0,3,0,0,10,6,0,0,0,0,15,0,0,5,2,0,0,0,21,18,7,0,26,0,0,0,0,8,0,0,0,0,17,4,22,13,20,0,27,0,0,16,19,9,0,25,0,0,0,12,0,0,11,24,1,25,7,Unicorn_Present,2,0
20-479,10,20,Absent,11,0,0,0,1,0,0,0,1,1,0,0,1,0,0,0,0,0,0,0,0,1,0,1,1,0,0,0,0,0,0,0,0,0,0,0,0,0,0,0,0,0,0,0,0,0,0,0,1,0,0,0,0,1,0,0,0,0,0,1,0,1,0,0,0,0,0,0,10,0,0,0,5,8,0,0,1,0,0,0,0,0,0,0,0,4,0,2,11,0,0,0,0,0,0,0,0,0,0,0,0,0,0,0,0,0,0,0,0,0,0,0,7,0,0,0,0,3,0,0,0,0,0,9,0,6,0,0,0,25,7,Unicorn_Absent,-1,-1
20-479,10,479,Absent,30,0,0,1,1,1,0,0,0,1,0,1,0,0,1,1,0,0,0,0,1,0,0,1,1,0,0,0,1,1,1,0,1,0,0,0,0,1,0,0,0,0,1,1,1,1,1,0,1,0,0,1,1,1,0,1,0,0,0,1,1,0,1,1,1,0,0,27,17,16,0,0,0,19,0,2,0,0,6,30,0,0,0,0,24,0,0,3,22,0,0,0,7,25,15,0,1,0,0,0,0,18,0,0,0,0,11,29,14,21,10,0,8,0,0,20,26,4,0,12,0,0,0,13,9,0,28,23,5,25,7,Unicorn_Absent,-1,-1
20-479,11,20,Absent,11,0,0,0,1,0,0,0,1,1,0,0,1,0,0,0,0,0,0,0,0,1,0,1,1,0,0,0,0,0,0,0,0,0,0,0,0,0,0,0,0,0,0,0,0,0,0,0,1,0,0,0,0,1,0,0,0,0,0,1,0,1,0,0,0,0,0,0,8,0,0,0,5,1,0,0,4,0,0,0,0,0,0,0,0,11,0,7,3,0,0,0,0,0,0,0,0,0,0,0,0,0,0,0,0,0,0,0,0,0,0,0,6,0,0,0,0,10,0,0,0,0,0,2,0,9,0,0,0,25,7,Unicorn_Absent,-1,-1
20-479,11,479,Absent,30,0,0,1,1,1,0,0,0,1,0,1,0,0,1,1,0,0,0,0,1,0,0,1,1,0,0,0,1,1,1,0,1,0,0,0,0,1,0,0,0,0,1,1,1,1,1,0,1,0,0,1,1,1,0,1,0,0,0,1,1,0,1,1,1,0,0,2,29,6,0,0,0,23,0,5,0,0,12,14,0,0,0,0,3,0,0,17,24,0,0,0,15,9,18,0,7,0,0,0,0,16,0,0,0,0,25,8,20,11,27,0,4,0,0,28,26,30,0,1,0,0,0,22,13,0,10,19,21,25,7,Unicorn_Absent,-1,-1
20-479,12,20,Absent,11,0,0,0,1,0,0,0,1,1,0,0,1,0,0,0,0,0,0,0,0,1,0,1,1,0,0,0,0,0,0,0,0,0,0,0,0,0,0,0,0,0,0,0,0,0,0,0,1,0,0,0,0,1,0,0,0,0,0,1,0,1,0,0,0,0,0,0,7,0,0,0,3,6,0,0,11,0,0,0,0,0,0,0,0,8,0,9,1,0,0,0,0,0,0,0,0,0,0,0,0,0,0,0,0,0,0,0,0,0,0,0,10,0,0,0,0,5,0,0,0,0,0,2,0,4,0,0,0,25,7,Unicorn_Absent,-1,-1
20-479,12,479,Absent,30,0,0,1,1,1,0,0,0,1,0,1,0,0,1,1,0,0,0,0,1,0,0,1,1,0,0,0,1,1,1,0,1,0,0,0,0,1,0,0,0,0,1,1,1,1,1,0,1,0,0,1,1,1,0,1,0,0,0,1,1,0,1,1,1,0,0,20,3,29,0,0,0,18,0,7,0,0,4,19,0,0,0,0,12,0,0,10,14,0,0,0,5,11,30,0,13,0,0,0,0,27,0,0,0,0,23,16,15,2,22,0,6,0,0,25,8,9,0,28,0,0,0,17,26,0,21,1,24,25,7,Unicorn_Absent,-1,-1
20-479,13,20,Absent,11,0,0,0,1,0,0,0,1,1,0,0,1,0,0,0,0,0,0,0,0,1,0,1,1,0,0,0,0,0,0,0,0,0,0,0,0,0,0,0,0,0,0,0,0,0,0,0,1,0,0,0,0,1,0,0,0,0,0,1,0,1,0,0,0,0,0,0,1,0,0,0,6,2,0,0,7,0,0,0,0,0,0,0,0,11,0,4,10,0,0,0,0,0,0,0,0,0,0,0,0,0,0,0,0,0,0,0,0,0,0,0,8,0,0,0,0,3,0,0,0,0,0,5,0,9,0,0,0,25,7,Unicorn_Absent,-1,-1
20-479,13,479,Absent,30,0,0,1,1,1,0,0,0,1,0,1,0,0,1,1,0,0,0,0,1,0,0,1,1,0,0,0,1,1,1,0,1,0,0,0,0,1,0,0,0,0,1,1,1,1,1,0,1,0,0,1,1,1,0,1,0,0,0,1,1,0,1,1,1,0,0,17,20,9,0,0,0,23,0,4,0,0,16,15,0,0,0,0,27,0,0,29,8,0,0,0,1,19,5,0,30,0,0,0,0,24,0,0,0,0,13,28,14,6,22,0,25,0,0,12,26,2,0,11,0,0,0,21,7,0,18,10,3,25,7,Unicorn_Absent,-1,-1
20-479,14,20,Present,11,0,0,0,1,0,0,0,1,1,0,0,1,0,0,0,0,0,0,0,0,1,0,1,1,0,0,0,0,0,0,0,0,0,0,0,0,0,0,0,0,0,0,0,0,0,0,0,1,0,0,0,0,1,0,0,0,0,0,1,0,1,0,0,0,0,0,0,8,0,0,0,3,10,0,0,2,0,0,0,0,0,0,0,0,4,0,9,1,0,0,0,0,0,0,0,0,0,0,0,0,0,0,0,0,0,0,0,0,0,0,0,6,0,0,0,0,11,0,0,0,0,0,7,0,5,0,0,0,29,3,Unicorn_Present,6,7
20-479,14,479,Present,16,0,0,1,0,1,0,0,0,1,0,0,0,0,0,1,0,0,0,0,1,0,0,0,0,0,0,0,0,1,0,0,0,0,0,0,0,0,0,0,0,0,0,1,0,1,0,0,0,0,0,1,1,1,0,1,0,0,0,1,0,0,1,1,1,0,0,12,0,14,0,0,0,4,0,0,0,0,0,13,0,0,0,0,8,0,0,0,0,0,0,0,0,5,0,0,0,0,0,0,0,0,0,0,0,0,0,11,0,10,0,0,0,0,0,15,9,6,0,2,0,0,0,1,0,0,7,16,3,29,3,Unicorn_Present,6,7
20-479,15,20,Absent,11,0,0,0,1,0,0,0,1,1,0,0,1,0,0,0,0,0,0,0,0,1,0,1,1,0,0,0,0,0,0,0,0,0,0,0,0,0,0,0,0,0,0,0,0,0,0,0,1,0,0,0,0,1,0,0,0,0,0,1,0,1,0,0,0,0,0,0,3,0,0,0,8,4,0,0,1,0,0,0,0,0,0,0,0,11,0,6,9,0,0,0,0,0,0,0,0,0,0,0,0,0,0,0,0,0,0,0,0,0,0,0,2,0,0,0,0,5,0,0,0,0,0,7,0,10,0,0,0,25,7,Unicorn_Absent,-1,-1
20-479,15,479,Absent,30,0,0,1,1,1,0,0,0,1,0,1,0,0,1,1,0,0,0,0,1,0,0,1,1,0,0,0,1,1,1,0,1,0,0,0,0,1,0,0,0,0,1,1,1,1,1,0,1,0,0,1,1,1,0,1,0,0,0,1,1,0,1,1,1,0,0,20,9,28,0,0,0,5,0,1,0,0,26,30,0,0,0,0,27,0,0,19,24,0,0,0,22,25,23,0,17,0,0,0,0,10,0,0,0,0,21,3,13,8,15,0,14,0,0,2,4,16,0,12,0,0,0,7,11,0,6,29,18,25,7,Unicorn_Absent,-1,-1
20-479,16,20,Absent,0,0,0,0,0,0,0,0,0,0,0,0,0,0,0,0,0,0,0,0,0,0,0,0,0,0,0,0,0,0,0,0,0,0,0,0,0,0,0,0,0,0,0,0,0,0,0,0,0,0,0,0,0,0,0,0,0,0,0,0,0,0,0,0,0,0,0,0,0,0,0,0,0,0,0,0,0,0,0,0,0,0,0,0,0,0,0,0,0,0,0,0,0,0,0,0,0,0,0,0,0,0,0,0,0,0,0,0,0,0,0,0,0,0,0,0,0,0,0,0,0,0,0,0,0,0,0,0,0,32,0,Unicorn_Absent,-1,-1
20-479,16,479,Absent,30,0,0,1,1,1,0,0,0,1,0,1,0,0,1,1,0,0,0,0,1,0,0,1,1,0,0,0,1,1,1,0,1,0,0,0,0,1,0,0,0,0,1,1,1,1,1,0,1,0,0,1,1,1,0,1,0,0,0,1,1,0,1,1,1,0,0,27,19,22,0,0,0,26,0,30,0,0,1,14,0,0,0,0,16,0,0,15,7,0,0,0,8,4,5,0,18,0,0,0,0,3,0,0,0,0,9,23,20,25,28,0,24,0,0,13,17,10,0,21,0,0,0,12,2,0,6,29,11,32,0,Unicorn_Absent,-1,-1
20-479,17,20,Present,0,0,0,0,0,0,0,0,0,0,0,0,0,0,0,0,0,0,0,0,0,0,0,0,0,0,0,0,0,0,0,0,0,0,0,0,0,0,0,0,0,0,0,0,0,0,0,0,0,0,0,0,0,0,0,0,0,0,0,0,0,0,0,0,0,0,0,0,0,0,0,0,0,0,0,0,0,0,0,0,0,0,0,0,0,0,0,0,0,0,0,0,0,0,0,0,0,0,0,0,0,0,0,0,0,0,0,0,0,0,0,0,0,0,0,0,0,0,0,0,0,0,0,0,0,0,0,0,0,32,0,Unicorn_Present,2,2
20-479,17,479,Present,51,1,0,1,1,0,1,1,1,1,1,1,1,0,0,1,1,1,1,1,1,0,1,1,0,1,1,0,1,0,1,1,1,1,1,1,1,1,1,1,1,1,1,1,1,0,1,1,1,1,1,1,0,1,1,1,1,1,0,0,1,0,1,1,1,44,0,22,30,0,33,20,17,48,40,29,49,0,0,38,39,46,42,51,8,0,28,2,0,45,14,0,26,0,3,9,10,11,12,21,4,1,19,23,27,15,13,18,16,0,24,41,36,7,34,47,0,6,5,43,37,31,0,0,32,0,25,35,50,32,0,Unicorn_Present,2,2
20-479,18,20,Present,0,0,0,0,0,0,0,0,0,0,0,0,0,0,0,0,0,0,0,0,0,0,0,0,0,0,0,0,0,0,0,0,0,0,0,0,0,0,0,0,0,0,0,0,0,0,0,0,0,0,0,0,0,0,0,0,0,0,0,0,0,0,0,0,0,0,0,0,0,0,0,0,0,0,0,0,0,0,0,0,0,0,0,0,0,0,0,0,0,0,0,0,0,0,0,0,0,0,0,0,0,0,0,0,0,0,0,0,0,0,0,0,0,0,0,0,0,0,0,0,0,0,0,0,0,0,0,0,0,32,0,Unicorn_Present,7,0
20-479,18,479,Present,62,1,1,1,1,1,1,0,1,1,1,1,1,1,1,1,1,1,1,1,1,1,1,1,1,1,1,1,1,1,1,1,1,1,1,1,1,1,1,0,1,1,1,1,1,1,1,1,1,1,1,1,1,1,1,1,1,1,1,1,1,1,1,1,1,42,40,22,11,48,50,0,62,12,32,58,21,43,60,33,16,44,34,30,55,37,24,25,15,9,5,53,35,47,18,54,23,46,10,13,3,27,49,0,29,28,56,52,36,57,26,6,31,38,59,19,51,7,8,2,45,41,20,1,17,61,39,4,14,32,0,Unicorn_Present,7,0
20-479,19,20,Present,0,0,0,0,0,0,0,0,0,0,0,0,0,0,0,0,0,0,0,0,0,0,0,0,0,0,0,0,0,0,0,0,0,0,0,0,0,0,0,0,0,0,0,0,0,0,0,0,0,0,0,0,0,0,0,0,0,0,0,0,0,0,0,0,0,0,0,0,0,0,0,0,0,0,0,0,0,0,0,0,0,0,0,0,0,0,0,0,0,0,0,0,0,0,0,0,0,0,0,0,0,0,0,0,0,0,0,0,0,0,0,0,0,0,0,0,0,0,0,0,0,0,0,0,0,0,0,0,0,32,0,Unicorn_Present,6,2
20-479,19,479,Present,30,0,0,1,0,1,0,0,1,0,0,1,0,0,1,1,0,1,0,1,1,1,0,1,0,1,0,1,1,0,1,0,1,1,0,0,0,0,1,1,0,0,1,0,1,1,0,1,1,0,0,0,1,0,1,1,1,1,0,0,0,0,1,0,0,0,0,14,0,27,0,0,12,0,0,28,0,0,13,22,0,10,0,1,21,16,0,30,0,9,0,6,7,0,11,0,23,26,0,0,0,0,20,29,0,0,15,0,5,19,0,4,25,0,0,0,18,0,3,2,17,8,0,0,0,0,24,0,0,32,0,Unicorn_Present,6,2
20-479,20,20,Present,0,0,0,0,0,0,0,0,0,0,0,0,0,0,0,0,0,0,0,0,0,0,0,0,0,0,0,0,0,0,0,0,0,0,0,0,0,0,0,0,0,0,0,0,0,0,0,0,0,0,0,0,0,0,0,0,0,0,0,0,0,0,0,0,0,0,0,0,0,0,0,0,0,0,0,0,0,0,0,0,0,0,0,0,0,0,0,0,0,0,0,0,0,0,0,0,0,0,0,0,0,0,0,0,0,0,0,0,0,0,0,0,0,0,0,0,0,0,0,0,0,0,0,0,0,0,0,0,0,32,0,Unicorn_Present,4,4
20-479,20,479,Present,57,1,1,1,1,1,1,1,1,0,1,1,1,1,1,1,1,1,1,1,1,1,1,0,1,1,1,1,1,1,1,1,1,1,1,0,1,1,1,1,1,1,1,1,0,1,1,1,1,1,1,1,1,1,1,1,1,1,0,1,1,0,1,0,1,18,39,5,3,51,41,22,7,0,55,56,9,10,45,15,54,47,4,21,16,19,29,0,42,50,17,24,40,49,28,25,6,31,30,0,27,57,20,46,13,37,12,33,0,14,26,23,11,53,2,43,44,1,34,32,38,36,0,52,8,0,48,0,35,32,0,Unicorn_Present,4,4
20-479,21,20,Absent,0,0,0,0,0,0,0,0,0,0,0,0,0,0,0,0,0,0,0,0,0,0,0,0,0,0,0,0,0,0,0,0,0,0,0,0,0,0,0,0,0,0,0,0,0,0,0,0,0,0,0,0,0,0,0,0,0,0,0,0,0,0,0,0,0,0,0,0,0,0,0,0,0,0,0,0,0,0,0,0,0,0,0,0,0,0,0,0,0,0,0,0,0,0,0,0,0,0,0,0,0,0,0,0,0,0,0,0,0,0,0,0,0,0,0,0,0,0,0,0,0,0,0,0,0,0,0,0,0,32,0,Unicorn_Absent,-1,-1
20-479,21,479,Absent,64,1,1,1,1,1,1,1,1,1,1,1,1,1,1,1,1,1,1,1,1,1,1,1,1,1,1,1,1,1,1,1,1,1,1,1,1,1,1,1,1,1,1,1,1,1,1,1,1,1,1,1,1,1,1,1,1,1,1,1,1,1,1,1,1,62,57,45,47,61,15,3,54,50,40,17,34,38,53,16,9,19,58,27,25,52,12,4,32,56,44,64,13,37,8,29,42,10,51,11,5,55,14,41,63,43,6,31,36,22,26,1,23,20,48,46,21,2,24,59,28,35,49,7,30,60,39,33,18,32,0,Unicorn_Absent,-1,-1
20-479,22,20,Absent,0,0,0,0,0,0,0,0,0,0,0,0,0,0,0,0,0,0,0,0,0,0,0,0,0,0,0,0,0,0,0,0,0,0,0,0,0,0,0,0,0,0,0,0,0,0,0,0,0,0,0,0,0,0,0,0,0,0,0,0,0,0,0,0,0,0,0,0,0,0,0,0,0,0,0,0,0,0,0,0,0,0,0,0,0,0,0,0,0,0,0,0,0,0,0,0,0,0,0,0,0,0,0,0,0,0,0,0,0,0,0,0,0,0,0,0,0,0,0,0,0,0,0,0,0,0,0,0,0,32,0,Unicorn_Absent,-1,-1
20-479,22,479,Absent,64,1,1,1,1,1,1,1,1,1,1,1,1,1,1,1,1,1,1,1,1,1,1,1,1,1,1,1,1,1,1,1,1,1,1,1,1,1,1,1,1,1,1,1,1,1,1,1,1,1,1,1,1,1,1,1,1,1,1,1,1,1,1,1,1,6,18,46,48,24,38,51,2,20,3,13,14,64,62,54,32,31,39,50,21,5,8,45,17,33,49,52,7,55,47,59,23,44,26,43,60,63,19,27,16,22,11,53,42,57,4,30,12,25,41,37,34,9,15,40,1,29,28,58,56,10,35,61,36,32,0,Unicorn_Absent,-1,-1
20-479,23,20,Present,0,0,0,0,0,0,0,0,0,0,0,0,0,0,0,0,0,0,0,0,0,0,0,0,0,0,0,0,0,0,0,0,0,0,0,0,0,0,0,0,0,0,0,0,0,0,0,0,0,0,0,0,0,0,0,0,0,0,0,0,0,0,0,0,0,0,0,0,0,0,0,0,0,0,0,0,0,0,0,0,0,0,0,0,0,0,0,0,0,0,0,0,0,0,0,0,0,0,0,0,0,0,0,0,0,0,0,0,0,0,0,0,0,0,0,0,0,0,0,0,0,0,0,0,0,0,0,0,0,32,0,Unicorn_Present,2,1
20-479,23,479,Present,49,1,1,0,1,0,1,1,1,1,1,1,0,1,0,1,0,1,0,1,0,1,1,1,1,1,1,1,1,0,0,0,1,1,0,1,1,1,1,0,1,1,0,1,1,1,0,0,1,1,1,1,1,1,1,1,1,1,1,1,1,1,1,1,1,18,10,0,15,0,40,2,22,23,34,49,0,33,0,16,0,12,0,8,0,45,47,43,32,20,36,27,1,0,0,0,35,37,0,7,41,44,29,0,6,48,0,19,9,39,0,0,24,21,13,38,3,14,17,25,42,31,30,11,28,46,5,4,26,32,0,Unicorn_Present,2,1
20-479,24,20,Present,0,0,0,0,0,0,0,0,0,0,0,0,0,0,0,0,0,0,0,0,0,0,0,0,0,0,0,0,0,0,0,0,0,0,0,0,0,0,0,0,0,0,0,0,0,0,0,0,0,0,0,0,0,0,0,0,0,0,0,0,0,0,0,0,0,0,0,0,0,0,0,0,0,0,0,0,0,0,0,0,0,0,0,0,0,0,0,0,0,0,0,0,0,0,0,0,0,0,0,0,0,0,0,0,0,0,0,0,0,0,0,0,0,0,0,0,0,0,0,0,0,0,0,0,0,0,0,0,0,32,0,Unicorn_Present,1,1
20-479,24,479,Present,57,1,1,1,1,1,1,1,1,1,1,1,1,0,1,1,1,1,1,1,1,0,1,1,1,1,1,1,1,1,0,1,1,1,1,1,1,1,1,1,1,0,1,1,1,0,1,1,1,1,1,1,1,1,1,1,1,1,1,1,1,0,1,1,0,1,34,39,18,55,50,6,36,45,57,3,51,0,19,12,20,46,54,27,43,0,10,16,52,32,38,9,13,30,0,8,49,56,23,35,28,25,14,4,42,0,17,44,29,0,41,5,48,7,26,31,2,37,11,21,53,15,33,22,40,0,47,24,0,32,0,Unicorn_Present,1,1
20-479,25,20,Absent,0,0,0,0,0,0,0,0,0,0,0,0,0,0,0,0,0,0,0,0,0,0,0,0,0,0,0,0,0,0,0,0,0,0,0,0,0,0,0,0,0,0,0,0,0,0,0,0,0,0,0,0,0,0,0,0,0,0,0,0,0,0,0,0,0,0,0,0,0,0,0,0,0,0,0,0,0,0,0,0,0,0,0,0,0,0,0,0,0,0,0,0,0,0,0,0,0,0,0,0,0,0,0,0,0,0,0,0,0,0,0,0,0,0,0,0,0,0,0,0,0,0,0,0,0,0,0,0,0,32,0,Unicorn_Absent,-1,-1
20-479,25,479,Absent,64,1,1,1,1,1,1,1,1,1,1,1,1,1,1,1,1,1,1,1,1,1,1,1,1,1,1,1,1,1,1,1,1,1,1,1,1,1,1,1,1,1,1,1,1,1,1,1,1,1,1,1,1,1,1,1,1,1,1,1,1,1,1,1,1,13,36,50,37,42,54,46,6,8,5,27,14,39,28,44,47,9,49,53,59,35,26,19,21,45,64,30,43,23,38,20,56,48,61,41,25,1,15,3,2,55,34,10,22,11,57,29,40,4,62,63,16,60,24,7,58,18,33,52,51,31,17,32,12,32,0,Unicorn_Absent,-1,-1
20-479,26,20,Present,0,0,0,0,0,0,0,0,0,0,0,0,0,0,0,0,0,0,0,0,0,0,0,0,0,0,0,0,0,0,0,0,0,0,0,0,0,0,0,0,0,0,0,0,0,0,0,0,0,0,0,0,0,0,0,0,0,0,0,0,0,0,0,0,0,0,0,0,0,0,0,0,0,0,0,0,0,0,0,0,0,0,0,0,0,0,0,0,0,0,0,0,0,0,0,0,0,0,0,0,0,0,0,0,0,0,0,0,0,0,0,0,0,0,0,0,0,0,0,0,0,0,0,0,0,0,0,0,0,32,0,Unicorn_Present,4,5
20-479,26,479,Present,32,0,0,1,1,1,0,1,1,1,1,0,0,1,1,0,1,1,0,1,1,0,1,0,1,1,1,0,1,0,1,0,0,0,0,0,1,0,0,0,1,0,0,0,0,1,0,1,0,0,1,0,0,1,1,0,0,1,1,0,1,1,1,0,1,0,0,29,24,14,0,8,2,15,9,0,0,3,27,0,4,16,0,5,28,0,17,0,23,6,18,0,21,0,10,0,0,0,0,0,12,0,0,0,11,0,0,0,0,32,0,25,0,0,7,0,0,31,30,0,0,20,19,0,22,13,1,0,26,32,0,Unicorn_Present,4,5
20-479,27,20,Present,0,0,0,0,0,0,0,0,0,0,0,0,0,0,0,0,0,0,0,0,0,0,0,0,0,0,0,0,0,0,0,0,0,0,0,0,0,0,0,0,0,0,0,0,0,0,0,0,0,0,0,0,0,0,0,0,0,0,0,0,0,0,0,0,0,0,0,0,0,0,0,0,0,0,0,0,0,0,0,0,0,0,0,0,0,0,0,0,0,0,0,0,0,0,0,0,0,0,0,0,0,0,0,0,0,0,0,0,0,0,0,0,0,0,0,0,0,0,0,0,0,0,0,0,0,0,0,0,0,32,0,Unicorn_Present,7,1
20-479,27,479,Present,20,0,0,0,0,1,1,1,0,1,1,0,0,1,0,0,1,0,1,0,1,0,0,1,0,0,0,0,1,1,0,0,0,0,0,0,1,1,0,0,0,1,0,0,0,0,1,0,0,0,0,1,0,0,0,1,0,1,0,0,0,0,0,0,1,0,0,0,0,1,16,17,0,19,2,0,0,7,0,0,20,0,5,0,12,0,0,8,0,0,0,0,18,3,0,0,0,0,0,0,14,9,0,0,0,4,0,0,0,0,13,0,0,0,0,11,0,0,0,15,0,6,0,0,0,0,0,0,10,32,0,Unicorn_Present,7,1
20-479,28,20,Present,0,0,0,0,0,0,0,0,0,0,0,0,0,0,0,0,0,0,0,0,0,0,0,0,0,0,0,0,0,0,0,0,0,0,0,0,0,0,0,0,0,0,0,0,0,0,0,0,0,0,0,0,0,0,0,0,0,0,0,0,0,0,0,0,0,0,0,0,0,0,0,0,0,0,0,0,0,0,0,0,0,0,0,0,0,0,0,0,0,0,0,0,0,0,0,0,0,0,0,0,0,0,0,0,0,0,0,0,0,0,0,0,0,0,0,0,0,0,0,0,0,0,0,0,0,0,0,0,0,32,0,Unicorn_Present,6,4
20-479,28,479,Present,8,0,0,0,0,0,0,0,0,0,0,0,0,0,0,0,0,0,0,0,0,0,0,1,0,0,0,0,0,0,0,0,0,0,0,1,1,0,0,1,0,1,0,0,0,0,0,1,0,0,0,0,0,0,0,1,1,0,0,0,0,0,0,0,0,0,0,0,0,0,0,0,0,0,0,0,0,0,0,0,0,0,0,0,0,0,0,7,0,0,0,0,0,0,0,0,0,0,0,5,2,0,0,8,0,4,0,0,0,0,0,3,0,0,0,0,0,0,0,6,1,0,0,0,0,0,0,0,0,32,0,Unicorn_Present,6,4
20-479,29,20,Present,0,0,0,0,0,0,0,0,0,0,0,0,0,0,0,0,0,0,0,0,0,0,0,0,0,0,0,0,0,0,0,0,0,0,0,0,0,0,0,0,0,0,0,0,0,0,0,0,0,0,0,0,0,0,0,0,0,0,0,0,0,0,0,0,0,0,0,0,0,0,0,0,0,0,0,0,0,0,0,0,0,0,0,0,0,0,0,0,0,0,0,0,0,0,0,0,0,0,0,0,0,0,0,0,0,0,0,0,0,0,0,0,0,0,0,0,0,0,0,0,0,0,0,0,0,0,0,0,0,32,0,Unicorn_Present,3,0
20-479,29,479,Present,49,1,1,1,1,0,1,1,1,1,1,1,1,1,1,0,1,1,0,1,0,1,1,1,1,1,1,1,0,1,1,1,0,0,1,1,1,1,1,0,1,1,1,0,1,1,0,0,1,1,1,1,1,0,1,0,1,1,1,0,0,1,1,1,1,14,47,27,49,0,4,11,16,48,25,1,38,37,23,0,31,13,0,45,0,2,26,20,19,33,9,10,0,35,34,21,0,0,28,24,36,44,39,0,8,43,40,0,30,29,0,0,32,15,22,3,46,0,18,0,5,7,41,0,0,42,12,17,6,32,0,Unicorn_Present,3,0
20-479,30,20,Absent,0,0,0,0,0,0,0,0,0,0,0,0,0,0,0,0,0,0,0,0,0,0,0,0,0,0,0,0,0,0,0,0,0,0,0,0,0,0,0,0,0,0,0,0,0,0,0,0,0,0,0,0,0,0,0,0,0,0,0,0,0,0,0,0,0,0,0,0,0,0,0,0,0,0,0,0,0,0,0,0,0,0,0,0,0,0,0,0,0,0,0,0,0,0,0,0,0,0,0,0,0,0,0,0,0,0,0,0,0,0,0,0,0,0,0,0,0,0,0,0,0,0,0,0,0,0,0,0,0,32,0,Unicorn_Absent,-1,-1
20-479,30,479,Absent,64,1,1,1,1,1,1,1,1,1,1,1,1,1,1,1,1,1,1,1,1,1,1,1,1,1,1,1,1,1,1,1,1,1,1,1,1,1,1,1,1,1,1,1,1,1,1,1,1,1,1,1,1,1,1,1,1,1,1,1,1,1,1,1,1,13,56,47,36,54,43,28,24,33,19,27,42,63,23,46,44,17,31,38,50,2,22,3,53,4,45,9,11,61,12,52,7,64,10,26,16,20,32,5,18,25,15,40,49,14,48,55,62,8,59,37,41,58,21,6,1,35,60,39,30,51,57,29,34,32,0,Unicorn_Absent,-1,-1
20-479,31,20,Present,0,0,0,0,0,0,0,0,0,0,0,0,0,0,0,0,0,0,0,0,0,0,0,0,0,0,0,0,0,0,0,0,0,0,0,0,0,0,0,0,0,0,0,0,0,0,0,0,0,0,0,0,0,0,0,0,0,0,0,0,0,0,0,0,0,0,0,0,0,0,0,0,0,0,0,0,0,0,0,0,0,0,0,0,0,0,0,0,0,0,0,0,0,0,0,0,0,0,0,0,0,0,0,0,0,0,0,0,0,0,0,0,0,0,0,0,0,0,0,0,0,0,0,0,0,0,0,0,0,32,0,Unicorn_Present,6,2
20-479,31,479,Present,55,0,1,1,1,1,1,0,0,1,1,1,1,1,1,1,1,1,1,1,0,1,1,1,1,0,1,1,1,1,1,1,1,1,1,1,1,1,1,1,1,1,0,1,0,0,1,1,1,1,1,1,1,1,1,1,1,1,1,1,0,1,1,1,1,0,5,47,32,30,40,0,0,37,20,25,29,21,11,22,15,18,52,12,0,8,51,55,36,0,34,45,9,54,16,23,49,24,7,27,13,39,43,26,17,35,0,42,0,0,4,53,46,33,28,6,14,3,31,41,44,1,38,10,0,2,48,19,50,32,0,Unicorn_Present,6,2
20-479,32,20,Present,0,0,0,0,0,0,0,0,0,0,0,0,0,0,0,0,0,0,0,0,0,0,0,0,0,0,0,0,0,0,0,0,0,0,0,0,0,0,0,0,0,0,0,0,0,0,0,0,0,0,0,0,0,0,0,0,0,0,0,0,0,0,0,0,0,0,0,0,0,0,0,0,0,0,0,0,0,0,0,0,0,0,0,0,0,0,0,0,0,0,0,0,0,0,0,0,0,0,0,0,0,0,0,0,0,0,0,0,0,0,0,0,0,0,0,0,0,0,0,0,0,0,0,0,0,0,0,0,0,32,0,Unicorn_Present,6,5
20-479,32,479,Present,55,1,0,1,0,1,1,1,1,1,1,1,1,1,1,1,1,1,1,1,1,1,0,1,1,1,1,1,1,1,0,1,0,1,1,1,0,1,1,1,1,1,1,1,1,1,0,1,0,1,1,1,0,1,1,1,1,1,1,1,1,1,1,1,1,1,0,40,0,42,6,12,43,31,39,27,22,53,35,11,47,41,46,24,9,28,0,37,23,32,48,10,52,36,0,51,0,21,34,54,0,16,20,15,8,5,38,2,44,30,0,55,0,7,33,3,0,4,26,29,45,13,49,25,18,14,17,50,19,32,0,Unicorn_Present,6,5
20-479,33,20,Absent,0,0,0,0,0,0,0,0,0,0,0,0,0,0,0,0,0,0,0,0,0,0,0,0,0,0,0,0,0,0,0,0,0,0,0,0,0,0,0,0,0,0,0,0,0,0,0,0,0,0,0,0,0,0,0,0,0,0,0,0,0,0,0,0,0,0,0,0,0,0,0,0,0,0,0,0,0,0,0,0,0,0,0,0,0,0,0,0,0,0,0,0,0,0,0,0,0,0,0,0,0,0,0,0,0,0,0,0,0,0,0,0,0,0,0,0,0,0,0,0,0,0,0,0,0,0,0,0,0,32,0,Unicorn_Absent,-1,-1
20-479,33,479,Absent,64,1,1,1,1,1,1,1,1,1,1,1,1,1,1,1,1,1,1,1,1,1,1,1,1,1,1,1,1,1,1,1,1,1,1,1,1,1,1,1,1,1,1,1,1,1,1,1,1,1,1,1,1,1,1,1,1,1,1,1,1,1,1,1,1,20,29,26,62,37,50,48,60,40,12,53,11,44,22,3,27,15,39,63,17,41,9,23,31,54,2,58,64,33,30,35,61,32,24,52,43,13,49,8,36,14,34,45,28,51,1,46,42,57,18,25,47,21,5,7,55,4,19,56,10,16,59,38,6,32,0,Unicorn_Absent,-1,-1
20-479,34,20,Present,0,0,0,0,0,0,0,0,0,0,0,0,0,0,0,0,0,0,0,0,0,0,0,0,0,0,0,0,0,0,0,0,0,0,0,0,0,0,0,0,0,0,0,0,0,0,0,0,0,0,0,0,0,0,0,0,0,0,0,0,0,0,0,0,0,0,0,0,0,0,0,0,0,0,0,0,0,0,0,0,0,0,0,0,0,0,0,0,0,0,0,0,0,0,0,0,0,0,0,0,0,0,0,0,0,0,0,0,0,0,0,0,0,0,0,0,0,0,0,0,0,0,0,0,0,0,0,0,0,32,0,Unicorn_Present,2,1
20-479,34,479,Present,62,1,1,1,1,1,1,1,1,1,1,1,1,1,1,1,1,1,1,1,0,1,1,1,1,1,1,1,1,1,1,1,1,1,1,1,1,1,1,1,1,1,1,1,1,1,1,1,1,1,1,1,1,1,1,1,1,1,1,1,1,1,1,0,1,45,18,59,2,49,57,15,48,44,40,62,31,41,47,19,14,39,23,24,0,20,56,55,53,11,3,22,61,46,10,17,29,4,52,34,8,43,33,28,58,54,1,13,27,60,26,36,6,37,35,12,7,25,42,51,9,5,21,30,16,38,50,0,32,32,0,Unicorn_Present,2,1
20-479,35,20,Absent,0,0,0,0,0,0,0,0,0,0,0,0,0,0,0,0,0,0,0,0,0,0,0,0,0,0,0,0,0,0,0,0,0,0,0,0,0,0,0,0,0,0,0,0,0,0,0,0,0,0,0,0,0,0,0,0,0,0,0,0,0,0,0,0,0,0,0,0,0,0,0,0,0,0,0,0,0,0,0,0,0,0,0,0,0,0,0,0,0,0,0,0,0,0,0,0,0,0,0,0,0,0,0,0,0,0,0,0,0,0,0,0,0,0,0,0,0,0,0,0,0,0,0,0,0,0,0,0,0,32,0,Unicorn_Absent,-1,-1
20-479,35,479,Absent,64,1,1,1,1,1,1,1,1,1,1,1,1,1,1,1,1,1,1,1,1,1,1,1,1,1,1,1,1,1,1,1,1,1,1,1,1,1,1,1,1,1,1,1,1,1,1,1,1,1,1,1,1,1,1,1,1,1,1,1,1,1,1,1,1,33,2,24,27,50,59,63,58,4,7,39,17,15,30,32,62,20,52,5,46,28,21,40,23,34,19,42,53,55,61,1,41,25,48,12,3,6,45,16,26,60,51,43,47,57,56,35,18,22,38,36,31,49,37,11,29,44,54,64,8,10,13,9,14,32,0,Unicorn_Absent,-1,-1
20-479,36,20,Absent,0,0,0,0,0,0,0,0,0,0,0,0,0,0,0,0,0,0,0,0,0,0,0,0,0,0,0,0,0,0,0,0,0,0,0,0,0,0,0,0,0,0,0,0,0,0,0,0,0,0,0,0,0,0,0,0,0,0,0,0,0,0,0,0,0,0,0,0,0,0,0,0,0,0,0,0,0,0,0,0,0,0,0,0,0,0,0,0,0,0,0,0,0,0,0,0,0,0,0,0,0,0,0,0,0,0,0,0,0,0,0,0,0,0,0,0,0,0,0,0,0,0,0,0,0,0,0,0,0,32,0,Unicorn_Absent,-1,-1
20-479,36,479,Absent,64,1,1,1,1,1,1,1,1,1,1,1,1,1,1,1,1,1,1,1,1,1,1,1,1,1,1,1,1,1,1,1,1,1,1,1,1,1,1,1,1,1,1,1,1,1,1,1,1,1,1,1,1,1,1,1,1,1,1,1,1,1,1,1,1,55,18,20,14,25,24,32,61,15,5,7,56,4,47,60,43,64,22,50,11,40,37,53,42,49,44,54,33,52,2,39,3,41,28,16,63,31,59,58,36,48,17,1,26,34,30,62,27,35,46,19,13,21,10,38,12,57,29,23,45,6,8,9,51,32,0,Unicorn_Absent,-1,-1
20-479,37,20,Present,0,0,0,0,0,0,0,0,0,0,0,0,0,0,0,0,0,0,0,0,0,0,0,0,0,0,0,0,0,0,0,0,0,0,0,0,0,0,0,0,0,0,0,0,0,0,0,0,0,0,0,0,0,0,0,0,0,0,0,0,0,0,0,0,0,0,0,0,0,0,0,0,0,0,0,0,0,0,0,0,0,0,0,0,0,0,0,0,0,0,0,0,0,0,0,0,0,0,0,0,0,0,0,0,0,0,0,0,0,0,0,0,0,0,0,0,0,0,0,0,0,0,0,0,0,0,0,0,0,32,0,Unicorn_Present,1,2
20-479,37,479,Present,27,0,0,0,1,1,0,0,0,1,0,0,0,1,0,0,0,1,1,0,0,0,1,0,0,1,1,1,1,0,1,0,1,1,0,1,0,0,0,1,0,0,1,0,1,1,0,0,1,0,0,1,0,1,0,1,0,1,0,1,1,1,0,0,0,0,0,0,12,5,0,0,0,1,0,0,0,23,0,0,0,20,27,0,0,0,15,0,0,21,8,4,7,0,19,0,17,9,0,22,0,0,0,10,0,0,25,0,18,16,0,0,14,0,0,24,0,3,0,26,0,2,0,6,13,11,0,0,0,32,0,Unicorn_Present,1,2
20-479,38,20,Present,0,0,0,0,0,0,0,0,0,0,0,0,0,0,0,0,0,0,0,0,0,0,0,0,0,0,0,0,0,0,0,0,0,0,0,0,0,0,0,0,0,0,0,0,0,0,0,0,0,0,0,0,0,0,0,0,0,0,0,0,0,0,0,0,0,0,0,0,0,0,0,0,0,0,0,0,0,0,0,0,0,0,0,0,0,0,0,0,0,0,0,0,0,0,0,0,0,0,0,0,0,0,0,0,0,0,0,0,0,0,0,0,0,0,0,0,0,0,0,0,0,0,0,0,0,0,0,0,0,32,0,Unicorn_Present,5,5
20-479,38,479,Present,51,0,1,1,1,1,0,1,1,0,0,1,1,1,1,1,1,1,0,0,1,1,0,1,0,1,0,1,1,1,1,1,1,1,1,1,0,1,1,0,1,1,1,1,0,1,1,1,1,1,1,1,1,1,1,1,1,1,0,1,1,1,1,1,1,0,13,50,26,15,0,30,24,0,0,27,39,14,21,19,43,28,0,0,33,35,0,10,0,9,0,7,37,34,42,22,32,16,2,8,0,48,38,0,11,29,6,18,0,49,51,36,17,46,5,25,20,12,44,31,3,1,0,40,47,4,41,45,23,32,0,Unicorn_Present,5,5
20-479,39,20,Present,0,0,0,0,0,0,0,0,0,0,0,0,0,0,0,0,0,0,0,0,0,0,0,0,0,0,0,0,0,0,0,0,0,0,0,0,0,0,0,0,0,0,0,0,0,0,0,0,0,0,0,0,0,0,0,0,0,0,0,0,0,0,0,0,0,0,0,0,0,0,0,0,0,0,0,0,0,0,0,0,0,0,0,0,0,0,0,0,0,0,0,0,0,0,0,0,0,0,0,0,0,0,0,0,0,0,0,0,0,0,0,0,0,0,0,0,0,0,0,0,0,0,0,0,0,0,0,0,0,32,0,Unicorn_Present,5,2
20-479,39,479,Present,58,1,1,1,1,1,1,1,1,1,0,1,1,1,0,1,1,1,0,1,1,1,1,1,1,1,1,1,1,1,1,1,1,1,1,1,1,0,1,1,1,1,1,1,1,1,1,1,1,1,1,1,1,1,1,1,1,1,0,1,1,0,1,1,1,42,17,5,38,34,41,40,6,4,0,25,10,14,0,32,36,22,0,21,7,37,58,24,26,13,43,23,44,27,18,35,8,29,33,57,48,0,52,20,51,50,3,2,15,39,31,53,30,54,9,55,16,46,11,19,47,1,0,56,12,0,49,28,45,32,0,Unicorn_Present,5,2
20-479,40,20,Present,0,0,0,0,0,0,0,0,0,0,0,0,0,0,0,0,0,0,0,0,0,0,0,0,0,0,0,0,0,0,0,0,0,0,0,0,0,0,0,0,0,0,0,0,0,0,0,0,0,0,0,0,0,0,0,0,0,0,0,0,0,0,0,0,0,0,0,0,0,0,0,0,0,0,0,0,0,0,0,0,0,0,0,0,0,0,0,0,0,0,0,0,0,0,0,0,0,0,0,0,0,0,0,0,0,0,0,0,0,0,0,0,0,0,0,0,0,0,0,0,0,0,0,0,0,0,0,0,0,32,0,Unicorn_Present,2,1
20-479,40,479,Present,50,1,1,1,1,0,1,0,0,1,1,1,0,1,1,1,1,0,1,0,1,1,1,1,1,1,1,1,1,1,1,1,0,1,1,1,0,1,1,1,1,0,0,1,1,1,1,1,1,1,1,1,1,1,1,1,1,0,1,0,0,1,1,1,0,33,9,47,46,0,49,0,0,43,24,50,0,16,28,14,48,0,22,0,44,25,4,21,39,3,17,5,40,12,10,6,0,7,35,26,0,13,2,41,36,0,0,30,31,29,11,8,23,19,38,20,42,32,37,45,15,0,34,0,0,27,18,1,0,32,0,Unicorn_Present,2,1
20-479,41,20,Absent,0,0,0,0,0,0,0,0,0,0,0,0,0,0,0,0,0,0,0,0,0,0,0,0,0,0,0,0,0,0,0,0,0,0,0,0,0,0,0,0,0,0,0,0,0,0,0,0,0,0,0,0,0,0,0,0,0,0,0,0,0,0,0,0,0,0,0,0,0,0,0,0,0,0,0,0,0,0,0,0,0,0,0,0,0,0,0,0,0,0,0,0,0,0,0,0,0,0,0,0,0,0,0,0,0,0,0,0,0,0,0,0,0,0,0,0,0,0,0,0,0,0,0,0,0,0,0,0,0,32,0,Unicorn_Absent,-1,-1
20-479,41,479,Absent,64,1,1,1,1,1,1,1,1,1,1,1,1,1,1,1,1,1,1,1,1,1,1,1,1,1,1,1,1,1,1,1,1,1,1,1,1,1,1,1,1,1,1,1,1,1,1,1,1,1,1,1,1,1,1,1,1,1,1,1,1,1,1,1,1,49,8,41,57,23,40,36,10,43,48,3,55,53,27,6,44,13,9,45,18,50,38,47,34,54,60,19,37,16,2,11,28,42,51,59,24,39,29,61,22,33,62,26,32,12,30,21,5,46,1,7,56,31,14,35,58,20,63,17,52,64,15,25,4,32,0,Unicorn_Absent,-1,-1
20-479,42,20,Present,0,0,0,0,0,0,0,0,0,0,0,0,0,0,0,0,0,0,0,0,0,0,0,0,0,0,0,0,0,0,0,0,0,0,0,0,0,0,0,0,0,0,0,0,0,0,0,0,0,0,0,0,0,0,0,0,0,0,0,0,0,0,0,0,0,0,0,0,0,0,0,0,0,0,0,0,0,0,0,0,0,0,0,0,0,0,0,0,0,0,0,0,0,0,0,0,0,0,0,0,0,0,0,0,0,0,0,0,0,0,0,0,0,0,0,0,0,0,0,0,0,0,0,0,0,0,0,0,0,32,0,Unicorn_Present,1,0
20-479,42,479,Present,53,1,1,1,1,1,1,1,1,0,1,0,1,1,1,0,1,1,1,1,1,1,0,1,1,1,1,1,1,1,0,0,0,1,1,1,1,1,0,1,1,1,1,1,1,1,0,0,1,1,1,1,1,1,1,1,1,0,1,1,1,1,1,1,1,6,53,25,27,20,13,46,11,0,29,0,34,31,41,0,49,5,38,32,22,50,0,7,44,3,28,30,45,35,0,0,0,36,52,2,26,8,0,37,9,18,39,23,24,48,0,0,1,42,21,4,33,16,40,19,17,0,51,14,15,47,10,12,43,32,0,Unicorn_Present,1,0
20-479,43,20,Present,0,0,0,0,0,0,0,0,0,0,0,0,0,0,0,0,0,0,0,0,0,0,0,0,0,0,0,0,0,0,0,0,0,0,0,0,0,0,0,0,0,0,0,0,0,0,0,0,0,0,0,0,0,0,0,0,0,0,0,0,0,0,0,0,0,0,0,0,0,0,0,0,0,0,0,0,0,0,0,0,0,0,0,0,0,0,0,0,0,0,0,0,0,0,0,0,0,0,0,0,0,0,0,0,0,0,0,0,0,0,0,0,0,0,0,0,0,0,0,0,0,0,0,0,0,0,0,0,0,32,0,Unicorn_Present,3,5
20-479,43,479,Present,38,1,1,1,1,0,1,1,0,1,0,1,1,0,1,1,0,1,0,0,1,0,1,0,1,1,1,1,1,1,0,1,1,0,1,0,0,0,0,1,0,1,0,1,1,0,0,0,1,1,1,0,1,0,1,1,1,0,1,0,0,0,1,1,1,37,21,36,15,0,30,14,0,9,0,22,1,0,3,29,0,33,0,0,8,0,11,0,12,5,17,6,24,32,0,18,20,0,31,0,0,0,0,34,0,27,0,28,38,0,0,0,13,4,16,0,7,0,26,2,35,0,25,0,0,0,10,19,23,32,0,Unicorn_Present,3,5
20-479,44,20,Absent,0,0,0,0,0,0,0,0,0,0,0,0,0,0,0,0,0,0,0,0,0,0,0,0,0,0,0,0,0,0,0,0,0,0,0,0,0,0,0,0,0,0,0,0,0,0,0,0,0,0,0,0,0,0,0,0,0,0,0,0,0,0,0,0,0,0,0,0,0,0,0,0,0,0,0,0,0,0,0,0,0,0,0,0,0,0,0,0,0,0,0,0,0,0,0,0,0,0,0,0,0,0,0,0,0,0,0,0,0,0,0,0,0,0,0,0,0,0,0,0,0,0,0,0,0,0,0,0,0,32,0,Unicorn_Absent,-1,-1
20-479,44,479,Absent,64,1,1,1,1,1,1,1,1,1,1,1,1,1,1,1,1,1,1,1,1,1,1,1,1,1,1,1,1,1,1,1,1,1,1,1,1,1,1,1,1,1,1,1,1,1,1,1,1,1,1,1,1,1,1,1,1,1,1,1,1,1,1,1,1,1,60,49,64,6,59,48,55,45,61,13,9,5,24,51,3,2,39,19,46,16,37,41,21,35,4,53,63,12,32,10,62,23,42,17,25,18,50,47,22,58,20,28,8,31,44,11,40,27,36,7,54,52,30,57,29,34,15,43,38,26,14,56,33,32,0,Unicorn_Absent,-1,-1
20-479,45,20,Present,0,0,0,0,0,0,0,0,0,0,0,0,0,0,0,0,0,0,0,0,0,0,0,0,0,0,0,0,0,0,0,0,0,0,0,0,0,0,0,0,0,0,0,0,0,0,0,0,0,0,0,0,0,0,0,0,0,0,0,0,0,0,0,0,0,0,0,0,0,0,0,0,0,0,0,0,0,0,0,0,0,0,0,0,0,0,0,0,0,0,0,0,0,0,0,0,0,0,0,0,0,0,0,0,0,0,0,0,0,0,0,0,0,0,0,0,0,0,0,0,0,0,0,0,0,0,0,0,0,32,0,Unicorn_Present,5,6
20-479,45,479,Present,39,1,1,0,1,0,1,1,1,1,0,1,0,1,1,0,1,1,0,0,1,1,1,0,1,1,1,1,1,0,0,1,0,0,0,0,1,0,1,1,1,0,1,0,1,1,1,0,0,1,0,0,0,1,1,1,1,0,1,1,0,1,1,1,0,29,26,0,38,0,5,1,27,31,0,2,0,8,9,0,28,25,0,0,16,37,35,0,6,11,19,23,14,0,0,17,0,0,0,0,18,0,33,15,10,0,32,0,3,34,24,0,0,20,0,0,0,4,39,13,12,0,21,7,0,36,30,22,0,32,0,Unicorn_Present,5,6
20-479,46,20,Present,0,0,0,0,0,0,0,0,0,0,0,0,0,0,0,0,0,0,0,0,0,0,0,0,0,0,0,0,0,0,0,0,0,0,0,0,0,0,0,0,0,0,0,0,0,0,0,0,0,0,0,0,0,0,0,0,0,0,0,0,0,0,0,0,0,0,0,0,0,0,0,0,0,0,0,0,0,0,0,0,0,0,0,0,0,0,0,0,0,0,0,0,0,0,0,0,0,0,0,0,0,0,0,0,0,0,0,0,0,0,0,0,0,0,0,0,0,0,0,0,0,0,0,0,0,0,0,0,0,32,0,Unicorn_Present,3,4
20-479,46,479,Present,9,0,0,0,0,0,0,0,0,0,0,0,0,0,0,0,1,0,0,0,0,0,0,0,1,0,0,0,0,0,0,0,0,1,0,0,1,0,0,0,0,0,0,0,1,0,0,0,1,0,1,0,0,0,1,0,0,0,0,0,0,0,1,0,0,0,0,0,0,0,0,0,0,0,0,0,0,0,0,0,4,0,0,0,0,0,0,0,3,0,0,0,0,0,0,0,0,6,0,0,9,0,0,0,0,0,0,0,1,0,0,0,7,0,5,0,0,0,8,0,0,0,0,0,0,0,2,0,0,32,0,Unicorn_Present,3,4
20-479,47,20,Absent,0,0,0,0,0,0,0,0,0,0,0,0,0,0,0,0,0,0,0,0,0,0,0,0,0,0,0,0,0,0,0,0,0,0,0,0,0,0,0,0,0,0,0,0,0,0,0,0,0,0,0,0,0,0,0,0,0,0,0,0,0,0,0,0,0,0,0,0,0,0,0,0,0,0,0,0,0,0,0,0,0,0,0,0,0,0,0,0,0,0,0,0,0,0,0,0,0,0,0,0,0,0,0,0,0,0,0,0,0,0,0,0,0,0,0,0,0,0,0,0,0,0,0,0,0,0,0,0,0,32,0,Unicorn_Absent,-1,-1
20-479,47,479,Absent,64,1,1,1,1,1,1,1,1,1,1,1,1,1,1,1,1,1,1,1,1,1,1,1,1,1,1,1,1,1,1,1,1,1,1,1,1,1,1,1,1,1,1,1,1,1,1,1,1,1,1,1,1,1,1,1,1,1,1,1,1,1,1,1,1,61,24,25,64,1,19,7,36,12,3,5,47,20,40,57,56,38,52,55,2,6,31,43,26,44,33,59,29,45,37,63,10,35,34,48,39,32,53,8,13,27,51,9,60,16,22,23,50,28,46,4,42,18,11,62,21,15,54,41,14,58,30,17,49,32,0,Unicorn_Absent,-1,-1
20-479,48,20,Present,0,0,0,0,0,0,0,0,0,0,0,0,0,0,0,0,0,0,0,0,0,0,0,0,0,0,0,0,0,0,0,0,0,0,0,0,0,0,0,0,0,0,0,0,0,0,0,0,0,0,0,0,0,0,0,0,0,0,0,0,0,0,0,0,0,0,0,0,0,0,0,0,0,0,0,0,0,0,0,0,0,0,0,0,0,0,0,0,0,0,0,0,0,0,0,0,0,0,0,0,0,0,0,0,0,0,0,0,0,0,0,0,0,0,0,0,0,0,0,0,0,0,0,0,0,0,0,0,0,32,0,Unicorn_Present,6,4
20-479,48,479,Present,58,1,1,1,1,1,1,1,1,1,1,1,1,1,1,1,1,1,0,1,1,1,1,1,1,1,1,1,0,1,1,1,1,1,1,1,1,1,1,1,1,1,1,1,0,0,1,1,1,1,1,1,1,0,1,1,1,0,1,1,1,1,1,1,1,49,54,7,23,20,31,34,21,16,15,53,30,4,22,57,19,14,0,50,44,38,45,11,2,55,8,18,0,29,13,5,56,28,32,1,26,37,25,58,12,39,17,41,0,0,48,35,10,42,47,46,40,0,24,27,36,0,9,3,33,52,43,51,6,32,0,Unicorn_Present,6,4
20-479,49,20,Absent,0,0,0,0,0,0,0,0,0,0,0,0,0,0,0,0,0,0,0,0,0,0,0,0,0,0,0,0,0,0,0,0,0,0,0,0,0,0,0,0,0,0,0,0,0,0,0,0,0,0,0,0,0,0,0,0,0,0,0,0,0,0,0,0,0,0,0,0,0,0,0,0,0,0,0,0,0,0,0,0,0,0,0,0,0,0,0,0,0,0,0,0,0,0,0,0,0,0,0,0,0,0,0,0,0,0,0,0,0,0,0,0,0,0,0,0,0,0,0,0,0,0,0,0,0,0,0,0,0,32,0,Unicorn_Absent,-1,-1
20-479,49,479,Absent,64,1,1,1,1,1,1,1,1,1,1,1,1,1,1,1,1,1,1,1,1,1,1,1,1,1,1,1,1,1,1,1,1,1,1,1,1,1,1,1,1,1,1,1,1,1,1,1,1,1,1,1,1,1,1,1,1,1,1,1,1,1,1,1,1,62,60,33,34,44,58,39,20,21,54,18,31,51,15,45,7,56,47,48,35,29,30,22,14,55,5,43,36,52,4,28,10,23,19,27,63,42,32,64,49,37,8,25,38,17,6,24,59,11,61,2,26,3,1,13,16,50,53,57,9,41,40,46,12,32,0,Unicorn_Absent,-1,-1
20-479,50,20,Absent,0,0,0,0,0,0,0,0,0,0,0,0,0,0,0,0,0,0,0,0,0,0,0,0,0,0,0,0,0,0,0,0,0,0,0,0,0,0,0,0,0,0,0,0,0,0,0,0,0,0,0,0,0,0,0,0,0,0,0,0,0,0,0,0,0,0,0,0,0,0,0,0,0,0,0,0,0,0,0,0,0,0,0,0,0,0,0,0,0,0,0,0,0,0,0,0,0,0,0,0,0,0,0,0,0,0,0,0,0,0,0,0,0,0,0,0,0,0,0,0,0,0,0,0,0,0,0,0,0,32,0,Unicorn_Absent,-1,-1
20-479,50,479,Absent,64,1,1,1,1,1,1,1,1,1,1,1,1,1,1,1,1,1,1,1,1,1,1,1,1,1,1,1,1,1,1,1,1,1,1,1,1,1,1,1,1,1,1,1,1,1,1,1,1,1,1,1,1,1,1,1,1,1,1,1,1,1,1,1,1,64,10,24,19,26,58,7,62,56,14,25,57,6,5,31,48,40,27,43,52,36,15,9,53,32,16,37,29,23,54,3,45,12,34,50,20,41,59,18,51,22,42,17,1,61,11,13,4,63,39,55,8,21,2,30,28,33,38,44,35,49,47,60,46,32,0,Unicorn_Absent,-1,-1
20-479,51,20,Present,0,0,0,0,0,0,0,0,0,0,0,0,0,0,0,0,0,0,0,0,0,0,0,0,0,0,0,0,0,0,0,0,0,0,0,0,0,0,0,0,0,0,0,0,0,0,0,0,0,0,0,0,0,0,0,0,0,0,0,0,0,0,0,0,0,0,0,0,0,0,0,0,0,0,0,0,0,0,0,0,0,0,0,0,0,0,0,0,0,0,0,0,0,0,0,0,0,0,0,0,0,0,0,0,0,0,0,0,0,0,0,0,0,0,0,0,0,0,0,0,0,0,0,0,0,0,0,0,0,32,0,Unicorn_Present,1,6
20-479,51,479,Present,9,0,0,0,0,0,0,0,0,0,0,0,0,0,0,0,1,0,0,0,0,0,0,0,0,0,0,0,1,0,0,1,0,1,0,0,0,0,0,0,0,1,0,0,0,1,0,0,0,0,1,0,0,0,0,1,0,0,0,0,0,0,0,0,1,0,0,0,0,0,0,0,0,0,0,0,0,0,0,0,5,0,0,0,0,0,0,0,0,0,0,0,8,0,0,6,0,1,0,0,0,0,0,0,0,4,0,0,0,7,0,0,0,0,9,0,0,0,0,2,0,0,0,0,0,0,0,0,3,32,0,Unicorn_Present,1,6
20-479,52,20,Present,0,0,0,0,0,0,0,0,0,0,0,0,0,0,0,0,0,0,0,0,0,0,0,0,0,0,0,0,0,0,0,0,0,0,0,0,0,0,0,0,0,0,0,0,0,0,0,0,0,0,0,0,0,0,0,0,0,0,0,0,0,0,0,0,0,0,0,0,0,0,0,0,0,0,0,0,0,0,0,0,0,0,0,0,0,0,0,0,0,0,0,0,0,0,0,0,0,0,0,0,0,0,0,0,0,0,0,0,0,0,0,0,0,0,0,0,0,0,0,0,0,0,0,0,0,0,0,0,0,32,0,Unicorn_Present,6,0
20-479,52,479,Present,42,0,1,1,1,1,1,1,1,1,1,1,1,1,0,1,1,1,1,0,1,0,1,0,1,1,0,1,0,1,1,1,0,0,1,1,1,0,1,1,1,0,1,1,1,0,1,1,1,0,0,1,0,1,0,0,0,0,0,0,1,1,1,1,0,0,23,12,30,24,38,42,28,21,6,29,31,14,0,20,2,10,5,0,26,0,37,0,36,33,0,39,0,25,9,11,0,0,34,8,17,0,13,40,4,0,18,1,27,0,41,16,19,0,0,35,0,3,0,0,0,0,0,0,15,7,22,32,0,32,0,Unicorn_Present,6,0
20-479,53,20,Absent,0,0,0,0,0,0,0,0,0,0,0,0,0,0,0,0,0,0,0,0,0,0,0,0,0,0,0,0,0,0,0,0,0,0,0,0,0,0,0,0,0,0,0,0,0,0,0,0,0,0,0,0,0,0,0,0,0,0,0,0,0,0,0,0,0,0,0,0,0,0,0,0,0,0,0,0,0,0,0,0,0,0,0,0,0,0,0,0,0,0,0,0,0,0,0,0,0,0,0,0,0,0,0,0,0,0,0,0,0,0,0,0,0,0,0,0,0,0,0,0,0,0,0,0,0,0,0,0,0,32,0,Unicorn_Absent,-1,-1
20-479,53,479,Absent,64,1,1,1,1,1,1,1,1,1,1,1,1,1,1,1,1,1,1,1,1,1,1,1,1,1,1,1,1,1,1,1,1,1,1,1,1,1,1,1,1,1,1,1,1,1,1,1,1,1,1,1,1,1,1,1,1,1,1,1,1,1,1,1,1,47,13,37,22,20,23,30,57,54,39,46,32,5,41,15,2,35,38,25,24,10,17,48,21,28,63,31,36,62,14,40,56,11,42,29,3,16,7,60,55,51,18,58,59,64,50,43,53,33,27,45,61,52,9,34,49,44,19,1,6,26,12,8,4,32,0,Unicorn_Absent,-1,-1
20-479,54,20,Present,0,0,0,0,0,0,0,0,0,0,0,0,0,0,0,0,0,0,0,0,0,0,0,0,0,0,0,0,0,0,0,0,0,0,0,0,0,0,0,0,0,0,0,0,0,0,0,0,0,0,0,0,0,0,0,0,0,0,0,0,0,0,0,0,0,0,0,0,0,0,0,0,0,0,0,0,0,0,0,0,0,0,0,0,0,0,0,0,0,0,0,0,0,0,0,0,0,0,0,0,0,0,0,0,0,0,0,0,0,0,0,0,0,0,0,0,0,0,0,0,0,0,0,0,0,0,0,0,0,32,0,Unicorn_Present,3,2
20-479,54,479,Present,34,0,1,0,0,1,0,1,1,1,1,0,0,1,0,1,0,0,0,0,1,1,1,0,1,1,1,0,0,1,1,0,0,1,0,0,1,0,0,1,0,1,0,1,0,0,1,1,0,0,1,0,1,1,1,1,1,1,0,1,1,1,0,0,1,0,19,0,0,16,0,18,8,12,33,0,0,14,0,2,0,0,0,0,34,5,17,0,15,4,30,0,0,28,26,0,0,1,0,0,13,0,0,25,0,29,0,27,0,0,32,6,0,0,9,0,24,20,7,21,31,11,0,3,10,23,0,0,22,32,0,Unicorn_Present,3,2
20-479,55,20,Absent,0,0,0,0,0,0,0,0,0,0,0,0,0,0,0,0,0,0,0,0,0,0,0,0,0,0,0,0,0,0,0,0,0,0,0,0,0,0,0,0,0,0,0,0,0,0,0,0,0,0,0,0,0,0,0,0,0,0,0,0,0,0,0,0,0,0,0,0,0,0,0,0,0,0,0,0,0,0,0,0,0,0,0,0,0,0,0,0,0,0,0,0,0,0,0,0,0,0,0,0,0,0,0,0,0,0,0,0,0,0,0,0,0,0,0,0,0,0,0,0,0,0,0,0,0,0,0,0,0,32,0,Unicorn_Absent,-1,-1
20-479,55,479,Absent,64,1,1,1,1,1,1,1,1,1,1,1,1,1,1,1,1,1,1,1,1,1,1,1,1,1,1,1,1,1,1,1,1,1,1,1,1,1,1,1,1,1,1,1,1,1,1,1,1,1,1,1,1,1,1,1,1,1,1,1,1,1,1,1,1,24,30,60,12,38,19,58,53,46,20,48,6,3,40,9,34,37,14,17,8,44,21,16,28,50,26,52,31,7,13,62,27,32,5,49,47,51,15,4,35,36,61,56,10,29,23,54,64,33,45,55,18,25,59,2,42,22,11,41,63,57,39,1,43,32,0,Unicorn_Absent,-1,-1
20-479,56,20,Absent,0,0,0,0,0,0,0,0,0,0,0,0,0,0,0,0,0,0,0,0,0,0,0,0,0,0,0,0,0,0,0,0,0,0,0,0,0,0,0,0,0,0,0,0,0,0,0,0,0,0,0,0,0,0,0,0,0,0,0,0,0,0,0,0,0,0,0,0,0,0,0,0,0,0,0,0,0,0,0,0,0,0,0,0,0,0,0,0,0,0,0,0,0,0,0,0,0,0,0,0,0,0,0,0,0,0,0,0,0,0,0,0,0,0,0,0,0,0,0,0,0,0,0,0,0,0,0,0,0,32,0,Unicorn_Absent,-1,-1
20-479,56,479,Absent,64,1,1,1,1,1,1,1,1,1,1,1,1,1,1,1,1,1,1,1,1,1,1,1,1,1,1,1,1,1,1,1,1,1,1,1,1,1,1,1,1,1,1,1,1,1,1,1,1,1,1,1,1,1,1,1,1,1,1,1,1,1,1,1,1,18,5,32,55,54,42,6,56,28,62,33,9,41,16,61,17,63,37,1,60,30,59,13,8,25,47,10,3,4,12,57,34,11,50,43,20,64,40,36,27,23,38,24,2,44,22,14,19,39,29,48,21,7,15,45,35,53,46,26,52,58,31,49,51,32,0,Unicorn_Absent,-1,-1
20-479,57,20,Absent,0,0,0,0,0,0,0,0,0,0,0,0,0,0,0,0,0,0,0,0,0,0,0,0,0,0,0,0,0,0,0,0,0,0,0,0,0,0,0,0,0,0,0,0,0,0,0,0,0,0,0,0,0,0,0,0,0,0,0,0,0,0,0,0,0,0,0,0,0,0,0,0,0,0,0,0,0,0,0,0,0,0,0,0,0,0,0,0,0,0,0,0,0,0,0,0,0,0,0,0,0,0,0,0,0,0,0,0,0,0,0,0,0,0,0,0,0,0,0,0,0,0,0,0,0,0,0,0,0,32,0,Unicorn_Absent,-1,-1
20-479,57,479,Absent,64,1,1,1,1,1,1,1,1,1,1,1,1,1,1,1,1,1,1,1,1,1,1,1,1,1,1,1,1,1,1,1,1,1,1,1,1,1,1,1,1,1,1,1,1,1,1,1,1,1,1,1,1,1,1,1,1,1,1,1,1,1,1,1,1,22,24,36,6,39,37,63,25,44,64,51,21,42,29,28,62,54,3,61,30,38,58,15,47,7,46,43,16,23,10,53,56,4,31,26,59,41,52,35,57,32,55,8,20,19,5,11,1,12,13,60,40,18,34,2,17,49,14,27,33,48,50,9,45,32,0,Unicorn_Absent,-1,-1
20-479,58,20,Present,0,0,0,0,0,0,0,0,0,0,0,0,0,0,0,0,0,0,0,0,0,0,0,0,0,0,0,0,0,0,0,0,0,0,0,0,0,0,0,0,0,0,0,0,0,0,0,0,0,0,0,0,0,0,0,0,0,0,0,0,0,0,0,0,0,0,0,0,0,0,0,0,0,0,0,0,0,0,0,0,0,0,0,0,0,0,0,0,0,0,0,0,0,0,0,0,0,0,0,0,0,0,0,0,0,0,0,0,0,0,0,0,0,0,0,0,0,0,0,0,0,0,0,0,0,0,0,0,0,32,0,Unicorn_Present,1,6
20-479,58,479,Present,58,1,1,1,1,1,1,1,1,1,1,1,1,1,1,1,1,1,1,1,1,1,1,0,1,1,1,1,1,1,1,1,1,1,1,1,1,0,1,1,1,0,1,0,1,1,1,1,1,1,1,1,1,1,1,1,1,1,1,0,1,1,1,1,0,31,25,7,55,26,49,52,18,43,34,19,22,9,41,30,46,13,2,23,50,27,3,0,44,14,29,38,39,15,32,53,24,5,6,51,11,0,42,37,33,0,12,0,17,48,28,57,16,21,58,54,4,10,40,36,8,20,45,0,1,35,56,47,0,32,0,Unicorn_Present,1,6
20-479,59,20,Absent,0,0,0,0,0,0,0,0,0,0,0,0,0,0,0,0,0,0,0,0,0,0,0,0,0,0,0,0,0,0,0,0,0,0,0,0,0,0,0,0,0,0,0,0,0,0,0,0,0,0,0,0,0,0,0,0,0,0,0,0,0,0,0,0,0,0,0,0,0,0,0,0,0,0,0,0,0,0,0,0,0,0,0,0,0,0,0,0,0,0,0,0,0,0,0,0,0,0,0,0,0,0,0,0,0,0,0,0,0,0,0,0,0,0,0,0,0,0,0,0,0,0,0,0,0,0,0,0,0,32,0,Unicorn_Absent,-1,-1
20-479,59,479,Absent,64,1,1,1,1,1,1,1,1,1,1,1,1,1,1,1,1,1,1,1,1,1,1,1,1,1,1,1,1,1,1,1,1,1,1,1,1,1,1,1,1,1,1,1,1,1,1,1,1,1,1,1,1,1,1,1,1,1,1,1,1,1,1,1,1,56,19,51,49,41,58,36,32,47,64,1,4,8,21,61,54,16,2,11,27,38,9,26,13,6,55,50,59,43,57,18,12,20,39,60,52,46,37,22,34,10,23,14,42,62,63,48,28,30,29,45,53,31,15,33,5,35,40,44,25,3,17,7,24,32,0,Unicorn_Absent,-1,-1
20-479,60,20,Absent,0,0,0,0,0,0,0,0,0,0,0,0,0,0,0,0,0,0,0,0,0,0,0,0,0,0,0,0,0,0,0,0,0,0,0,0,0,0,0,0,0,0,0,0,0,0,0,0,0,0,0,0,0,0,0,0,0,0,0,0,0,0,0,0,0,0,0,0,0,0,0,0,0,0,0,0,0,0,0,0,0,0,0,0,0,0,0,0,0,0,0,0,0,0,0,0,0,0,0,0,0,0,0,0,0,0,0,0,0,0,0,0,0,0,0,0,0,0,0,0,0,0,0,0,0,0,0,0,0,32,0,Unicorn_Absent,-1,-1
20-479,60,479,Absent,64,1,1,1,1,1,1,1,1,1,1,1,1,1,1,1,1,1,1,1,1,1,1,1,1,1,1,1,1,1,1,1,1,1,1,1,1,1,1,1,1,1,1,1,1,1,1,1,1,1,1,1,1,1,1,1,1,1,1,1,1,1,1,1,1,32,8,28,40,13,16,57,26,23,20,5,22,6,34,7,17,29,24,30,38,54,31,53,27,64,18,51,59,39,55,25,2,4,47,35,41,58,33,61,37,50,48,9,43,19,52,36,3,63,11,44,15,42,14,10,62,49,56,1,45,12,60,46,21,32,0,Unicorn_Absent,-1,-1
